{
  "summary_json": "/home/solee/physrepa_tasks/artifacts/results/functional_significance_drawer_fusion_ood_l1_summary.json",
  "split_json": "/home/solee/physrepa_tasks/artifacts/results/functional_significance_drawer_fusion_ood_l1_split.json",
  "feature_root": "/home/solee/physrepa_tasks/artifacts/action_control_features/large/drawer",
  "chunk_len": 8,
  "rep_episode_r2": {
    "vjepa_pez": {
      "iid": {
        "mean": 0.8704497275038913,
        "std": 0.08439392011804578,
        "median": 0.8997886643698929,
        "q25": 0.8280581999124862,
        "q75": 0.9295119529353301,
        "n": 105
      },
      "ood": {
        "mean": 0.8873607476741809,
        "std": 0.07300337780645716,
        "median": 0.9083895569105884,
        "q25": 0.8711083779058466,
        "q75": 0.9335600658038161,
        "n": 300
      }
    },
    "vjepa_last": {
      "iid": {
        "mean": 0.8719572703700154,
        "std": 0.08206895742750527,
        "median": 0.904388109804701,
        "q25": 0.8403218888324654,
        "q75": 0.9250007876136722,
        "n": 105
      },
      "ood": {
        "mean": 0.8891355092517081,
        "std": 0.06897525762710674,
        "median": 0.909816207305009,
        "q25": 0.873697251209603,
        "q75": 0.9346063755136079,
        "n": 300
      }
    },
    "vjepa_fusion": {
      "iid": {
        "mean": 0.8773421194346807,
        "std": 0.08079966437496086,
        "median": 0.9070563599874862,
        "q25": 0.842599457011023,
        "q75": 0.934315576263861,
        "n": 105
      },
      "ood": {
        "mean": 0.8951997931724384,
        "std": 0.06734878451653514,
        "median": 0.9153669345181459,
        "q25": 0.8784585626142152,
        "q75": 0.9399721076274354,
        "n": 300
      }
    },
    "videomae_best": {
      "iid": {
        "mean": 0.8884693430366758,
        "std": 0.07918652682092829,
        "median": 0.9136814081475536,
        "q25": 0.8586416974764814,
        "q75": 0.9452721057603478,
        "n": 105
      },
      "ood": {
        "mean": 0.9042111545402353,
        "std": 0.0683710925322097,
        "median": 0.9229679255743682,
        "q25": 0.8904238613849806,
        "q75": 0.949586565933376,
        "n": 300
      }
    },
    "dino_best": {
      "iid": {
        "mean": 0.8495529175446392,
        "std": 0.10105303855493245,
        "median": 0.8832838468502829,
        "q25": 0.8083560047334011,
        "q75": 0.9150758555111599,
        "n": 105
      },
      "ood": {
        "mean": 0.8675288615614204,
        "std": 0.08972990056188039,
        "median": 0.8947312112565606,
        "q25": 0.843750435300718,
        "q75": 0.9266288920396497,
        "n": 300
      }
    }
  },
  "action_stats": {
    "iid": {
      "episode_len": {
        "mean": 295.0,
        "std": 0.0,
        "median": 295.0,
        "q25": 295.0,
        "q75": 295.0,
        "n": 105
      },
      "action_variance": {
        "mean": 0.8407059663817996,
        "std": 0.15045171063911456,
        "median": 0.88352370262146,
        "q25": 0.7598603367805481,
        "q75": 0.9732847809791565,
        "n": 105
      },
      "action_autocorr_lag1": {
        "mean": 0.9012824749458566,
        "std": 0.07429762005132376,
        "median": 0.936517752149422,
        "q25": 0.895946550375749,
        "q75": 0.9497598410933435,
        "n": 105
      },
      "persistence_chunk_r2": {
        "mean": 0.22548126965546672,
        "std": 0.4965169917182206,
        "median": 0.4367463912746937,
        "q25": 0.1729237006368255,
        "q75": 0.5748574903130823,
        "n": 105
      }
    },
    "ood": {
      "episode_len": {
        "mean": 295.0,
        "std": 0.0,
        "median": 295.0,
        "q25": 295.0,
        "q75": 295.0,
        "n": 300
      },
      "action_variance": {
        "mean": 0.8554622860749562,
        "std": 0.1482651104915313,
        "median": 0.8953308761119843,
        "q25": 0.7847936302423477,
        "q75": 0.9861745685338974,
        "n": 300
      },
      "action_autocorr_lag1": {
        "mean": 0.9060487958735695,
        "std": 0.07114740047823681,
        "median": 0.9375309410417778,
        "q25": 0.8998772481375049,
        "q75": 0.9499463375358843,
        "n": 300
      },
      "persistence_chunk_r2": {
        "mean": 0.2590785509807431,
        "std": 0.49622301333919994,
        "median": 0.46320880457603414,
        "q25": 0.24157766051795926,
        "q75": 0.5874681774149028,
        "n": 300
      }
    }
  }
}